id,first_name,last_name,email,gender,ip_address,country
1,Sigrid,Shepherdson,sshepherdson0@posterous.com,Female,206.29.119.83,Mauritius
2,Sky,Palphramand,spalphramand1@japanpost.jp,Male,149.131.250.245,Indonesia
3,Germaine,De Filippo,gdefilippo2@ucsd.edu,Female,231.13.223.21,China
4,Paige,Harder,pharder3@upenn.edu,Male,238.28.17.20,China
5,Piper,Rings,prings4@fotki.com,Female,168.92.119.123,Poland
6,Kenny,Thrift,kthrift5@chron.com,Male,61.207.67.75,Thailand
7,Bone,Banister,bbanister6@histats.com,Male,204.93.225.225,Russia
8,Cara,Cousins,ccousins7@imageshack.us,Female,200.71.111.161,Thailand
9,Jules,Madine,jmadine8@netscape.com,Male,109.252.224.191,Brazil
10,Rodie,Haacker,rhaacker9@themeforest.net,Female,17.50.238.80,Portugal
11,Alexine,Hesbrook,ahesbrooka@cnet.com,Female,223.245.109.104,Turkmenistan
12,Merola,Sired,msiredb@cnet.com,Female,84.70.6.138,Russia
13,Luigi,Guerrazzi,lguerrazzic@a8.net,Male,172.131.17.16,China
14,Mitchael,Diack,mdiackd@nature.com,Male,85.181.126.140,China
15,Costanza,Crocken,ccrockene@tumblr.com,Female,96.215.111.191,Portugal
16,Merwyn,Vearnals,mvearnalsf@51.la,Male,219.207.115.232,Morocco
17,Blakeley,Lownie,blownieg@joomla.org,Female,229.150.150.168,Taiwan
18,Lisetta,Gawthrope,lgawthropeh@lycos.com,Female,108.173.12.251,Brazil
19,Chrissie,MacCosto,cmaccostoi@ameblo.jp,Female,158.140.153.46,Vietnam
20,Rachele,Vause,rvausej@taobao.com,Female,113.120.204.233,Cuba
21,Mathilde,Swatradge,mswatradgek@zdnet.com,Female,131.143.119.23,Mexico
22,Illa,Aimson,iaimsonl@apache.org,Female,41.83.83.115,Indonesia
23,Arv,Moughtin,amoughtinm@jalbum.net,Male,12.164.13.96,Peru
24,Barde,Coop,bcoopn@desdev.cn,Male,232.17.248.36,Indonesia
25,Alane,Stockau,astockauo@edublogs.org,Female,53.8.65.110,China
26,Brandice,Glasspoole,bglasspoolep@mayoclinic.com,Female,71.202.207.21,Indonesia
27,Rolland,Dibnah,rdibnahq@vinaora.com,Male,155.228.224.232,China
28,Barbabas,Gettins,bgettinsr@ca.gov,Male,234.39.180.71,China
29,Huntley,Potbury,hpotburys@trellian.com,Male,240.57.48.201,Indonesia
30,Bonni,Lyttle,blyttlet@sphinn.com,Female,139.215.172.89,Colombia
31,Wynnie,Kornacki,wkornackiu@wordpress.org,Female,29.136.42.15,Russia
32,Imogen,Southernwood,isouthernwoodv@mit.edu,Female,156.4.19.78,Tunisia
33,Ansell,Farfolomeev,afarfolomeevw@biglobe.ne.jp,Male,160.198.254.98,Philippines
34,Hugues,Skells,hskellsx@bbc.co.uk,Male,51.227.107.252,Belize
35,Nealy,Weldon,nweldony@indiegogo.com,Male,22.192.86.214,Indonesia
36,Hank,MacDwyer,hmacdwyerz@vinaora.com,Male,7.183.157.162,China
37,Chic,Mattimoe,cmattimoe10@hostgator.com,Male,39.195.146.249,Macedonia
38,Edy,Gheeraert,egheeraert11@biglobe.ne.jp,Female,240.154.36.160,China
39,Field,Tetla,ftetla12@baidu.com,Male,154.223.247.227,Sweden
40,Gert,Bernardo,gbernardo13@is.gd,Female,96.104.46.77,China
41,Maggee,Ziehms,mziehms14@trellian.com,Female,154.66.174.236,Liberia
42,Ferguson,Gebhard,fgebhard15@slate.com,Male,223.90.33.0,Brazil
43,Odilia,Basley,obasley16@jugem.jp,Female,93.81.206.14,Croatia
44,Wynne,Brute,wbrute17@zdnet.com,Female,52.88.230.114,Russia
45,Marla,Cherryman,mcherryman18@desdev.cn,Female,86.56.83.247,Poland
46,Nickie,Edmeades,nedmeades19@cmu.edu,Female,101.170.53.74,Philippines
47,Genovera,Rowden,growden1a@wired.com,Female,92.99.221.243,Zambia
48,Hilda,Ojeda,hojeda1b@unicef.org,Female,204.142.247.86,Japan
49,Harvey,Filpo,hfilpo1c@salon.com,Male,216.236.133.58,North Korea
50,Jennica,Van der Beken,jvanderbeken1d@sakura.ne.jp,Female,131.132.233.4,China
51,Ondrea,Trundell,otrundell1e@goodreads.com,Female,51.114.157.126,Pakistan
52,Bridget,Rodway,brodway1f@baidu.com,Female,148.5.36.61,Philippines
53,Brittne,Physick,bphysick1g@squidoo.com,Female,207.249.250.253,Sweden
54,Marilin,Geroldini,mgeroldini1h@163.com,Female,141.0.204.197,Philippines
55,Arnuad,McPhee,amcphee1i@techcrunch.com,Male,234.135.212.107,Indonesia
56,Guenevere,Leworthy,gleworthy1j@slashdot.org,Female,118.54.205.196,China
57,Mischa,Buckby,mbuckby1k@indiegogo.com,Male,57.108.85.74,Chile
58,Odilia,Sergent,osergent1l@yahoo.co.jp,Female,49.34.206.135,China
59,Aluino,Heliot,aheliot1m@pcworld.com,Male,244.237.74.79,Poland
60,Dwain,Snyder,dsnyder1n@youtube.com,Male,109.77.138.91,Indonesia
61,Georas,Karpov,gkarpov1o@furl.net,Male,44.124.56.217,China
62,Eryn,Maykin,emaykin1p@digg.com,Female,173.136.188.35,Brazil
63,Kristoffer,Dainton,kdainton1q@google.com.hk,Male,34.228.238.120,Indonesia
64,Ysabel,Iannazzi,yiannazzi1r@vkontakte.ru,Female,70.37.24.144,Pitcairn
65,Pam,Filipchikov,pfilipchikov1s@paypal.com,Female,250.152.134.184,Tanzania
66,Link,Windibank,lwindibank1t@ftc.gov,Male,22.197.235.67,China
67,Gearalt,Ferne,gferne1u@g.co,Male,118.147.79.107,Thailand
68,Ber,McAlpin,bmcalpin1v@goo.gl,Male,251.46.180.41,Sweden
69,Amerigo,Wasbrough,awasbrough1w@noaa.gov,Male,78.207.232.167,China
70,Dorelia,Inchley,dinchley1x@php.net,Female,2.134.60.71,Latvia
71,Weylin,Tissiman,wtissiman1y@nba.com,Male,100.234.193.71,China
72,Birch,Loftin,bloftin1z@taobao.com,Male,222.161.105.231,Indonesia
73,Dorisa,Dewfall,ddewfall20@bloglines.com,Female,169.128.12.35,Brazil
74,Burk,Vale,bvale21@huffingtonpost.com,Male,147.71.59.50,Burundi
75,Mignon,Suttle,msuttle22@creativecommons.org,Female,91.61.170.69,Palestinian Territory
76,Kary,Tigwell,ktigwell23@aboutads.info,Female,129.125.4.212,Indonesia
77,Milissent,Jowsey,mjowsey24@cloudflare.com,Female,141.173.105.126,Chad
78,Gal,Anthiftle,ganthiftle25@wufoo.com,Male,14.131.204.203,Poland
79,Amalita,De Goey,adegoey26@timesonline.co.uk,Female,186.235.39.57,Greece
80,Elbert,Meert,emeert27@bloglovin.com,Male,132.177.2.10,China
81,Skip,Fladgate,sfladgate28@google.nl,Male,156.36.17.28,Latvia
82,Kellsie,Windeatt,kwindeatt29@europa.eu,Female,2.162.147.235,Sweden
83,Culley,Dunbavin,cdunbavin2a@dell.com,Male,168.46.239.73,Brazil
84,Kennedy,Reddecliffe,kreddecliffe2b@xing.com,Male,43.131.252.247,Costa Rica
85,Angus,Sherer,asherer2c@pen.io,Male,94.214.98.231,Zambia
86,Wiley,Prandoni,wprandoni2d@buzzfeed.com,Male,108.134.20.140,Argentina
87,Corney,Girardengo,cgirardengo2e@networkadvertising.org,Male,200.68.10.120,Philippines
88,Flo,Anthonsen,fanthonsen2f@thetimes.co.uk,Female,137.136.164.248,Indonesia
89,Sigfrid,Carthy,scarthy2g@wsj.com,Male,70.77.19.127,Guatemala
90,Fee,Piercey,fpiercey2h@ftc.gov,Male,77.149.153.250,Brazil
91,Leonore,Rathbourne,lrathbourne2i@squarespace.com,Female,227.154.7.59,Indonesia
92,Aubert,Lawlee,alawlee2j@princeton.edu,Male,24.175.13.219,Mexico
93,Thurston,Twelve,ttwelve2k@topsy.com,Male,202.164.11.147,Indonesia
94,Harry,Davitt,hdavitt2l@dailymail.co.uk,Male,167.89.15.8,Philippines
95,Aube,Margaritelli,amargaritelli2m@statcounter.com,Male,178.159.214.177,Indonesia
96,Chrissie,Hardan,chardan2n@angelfire.com,Female,23.173.61.52,Portugal
97,Alaine,Hosier,ahosier2o@yellowpages.com,Female,253.11.92.54,Uruguay
98,Osbert,Tookey,otookey2p@blogs.com,Male,31.177.238.147,China
99,Carol-jean,Zanazzi,czanazzi2q@umn.edu,Female,54.68.202.185,Ukraine
100,Theodora,Teanby,tteanby2r@4shared.com,Female,147.174.33.80,Sweden
101,Eldredge,Loughton,eloughton2s@360.cn,Male,87.203.170.211,United States
102,Lizabeth,Lourens,llourens2t@upenn.edu,Female,76.54.175.94,Gambia
103,Olag,MacPaike,omacpaike2u@slate.com,Male,150.98.119.92,China
104,Brod,Mephan,bmephan2v@independent.co.uk,Male,101.89.1.25,Portugal
105,Margit,Silliman,msilliman2w@networkadvertising.org,Female,12.72.83.97,Philippines
106,August,Temby,atemby2x@lulu.com,Male,70.11.201.49,France
107,Holt,Reford,hreford2y@usatoday.com,Male,254.131.10.148,Mongolia
108,Kayne,Bircher,kbircher2z@google.es,Male,240.103.57.213,Nicaragua
109,Austin,Willerson,awillerson30@blogspot.com,Male,142.60.146.254,Poland
110,Karlen,Blasdale,kblasdale31@netvibes.com,Female,26.51.22.110,Russia
111,Hakim,Delaprelle,hdelaprelle32@phoca.cz,Male,31.108.31.144,Macedonia
112,Hogan,Artin,hartin33@webeden.co.uk,Male,191.42.0.92,Philippines
113,Boony,Jardine,bjardine34@amazon.de,Male,172.238.69.3,Myanmar
114,Elyn,Shotter,eshotter35@prlog.org,Female,106.38.219.63,Ukraine
115,Leesa,Island,lisland36@time.com,Female,225.199.177.50,Madagascar
116,Pearce,Spellard,pspellard37@columbia.edu,Male,56.90.242.242,Iran
117,Isadore,Kincey,ikincey38@over-blog.com,Male,236.68.198.27,Poland
118,Mina,Stegell,mstegell39@usatoday.com,Female,134.109.42.138,China
119,Osmond,Canto,ocanto3a@surveymonkey.com,Male,244.200.68.207,Argentina
120,Travers,Macer,tmacer3b@thetimes.co.uk,Male,77.53.252.225,Philippines
121,Vittorio,Malloch,vmalloch3c@deviantart.com,Male,181.23.57.35,Denmark
122,Davidde,Egentan,degentan3d@weibo.com,Male,251.162.251.64,China
123,Xenia,Stiebler,xstiebler3e@goodreads.com,Female,33.230.16.152,French Southern Territories
124,Si,Brisse,sbrisse3f@hatena.ne.jp,Male,215.199.92.152,Indonesia
125,Claudelle,Balchen,cbalchen3g@tiny.cc,Female,39.101.148.33,France
126,Anjanette,Tutsell,atutsell3h@slate.com,Female,16.163.62.76,Macedonia
127,Far,Ferryn,fferryn3i@thetimes.co.uk,Male,50.170.197.141,Brazil
128,Yardley,Ivy,yivy3j@ibm.com,Male,130.168.104.89,Azerbaijan
129,Fred,Sellman,fsellman3k@paypal.com,Male,189.134.250.89,Brazil
130,Rinaldo,M'Chirrie,rmchirrie3l@mozilla.com,Male,179.140.21.93,Japan
131,Lelah,Gather,lgather3m@java.com,Female,148.219.170.190,Guatemala
132,Di,Pickhaver,dpickhaver3n@home.pl,Female,6.141.135.66,Portugal
133,Pincas,Heinsen,pheinsen3o@sbwire.com,Male,19.41.242.98,Poland
134,Emilee,Dorricott,edorricott3p@symantec.com,Female,117.196.216.120,Sweden
135,Jeffry,Radenhurst,jradenhurst3q@psu.edu,Male,145.216.124.230,China
136,Adel,Robertis,arobertis3r@europa.eu,Female,123.65.195.87,Indonesia
137,Kermy,Bome,kbome3s@examiner.com,Male,163.91.237.40,Mauritius
138,Ajay,Cockson,acockson3t@aol.com,Female,43.94.1.203,Russia
139,Bartlett,McGilbon,bmcgilbon3u@ucoz.com,Male,40.178.109.230,United States
140,Tiphani,O'Meara,tomeara3v@nasa.gov,Female,27.65.171.153,Russia
141,Jillie,Lyfield,jlyfield3w@icq.com,Female,19.246.3.35,United States
142,Nicole,Kahn,nkahn3x@wiley.com,Female,25.251.77.88,Indonesia
143,Mallissa,Chetwynd,mchetwynd3y@yale.edu,Female,90.40.16.81,Philippines
144,Ray,Savery,rsavery3z@rediff.com,Male,174.193.64.164,Cuba
145,Halsy,Revitt,hrevitt40@arizona.edu,Male,240.139.15.126,South Africa
146,Winne,Wildbore,wwildbore41@slideshare.net,Female,3.24.33.133,China
147,Alvina,Laker,alaker42@altervista.org,Female,107.140.57.74,Ukraine
148,Corrinne,Gennings,cgennings43@diigo.com,Female,249.48.249.187,China
149,Thornton,Jepps,tjepps44@huffingtonpost.com,Male,52.210.183.41,Philippines
150,Yorke,Nesey,ynesey45@bluehost.com,Male,170.97.127.109,Iran
151,Darcy,Pullar,dpullar46@t-online.de,Male,151.97.26.159,Greece
152,Willa,Mountford,wmountford47@bandcamp.com,Female,94.186.111.115,Indonesia
153,Clive,Zannolli,czannolli48@imageshack.us,Male,248.41.35.94,Brazil
154,Kara,Tetlow,ktetlow49@webeden.co.uk,Female,237.98.206.7,Argentina
155,Chelsea,Ulrik,culrik4a@craigslist.org,Female,208.247.194.110,China
156,Gena,Padden,gpadden4b@google.it,Female,226.47.78.161,Portugal
157,Sherie,Chene,schene4c@chicagotribune.com,Female,108.0.246.119,Poland
158,Jaimie,Kehir,jkehir4d@wikia.com,Male,182.148.73.212,China
159,Bernette,Yuille,byuille4e@biblegateway.com,Female,36.101.57.64,Poland
160,Cassandry,Brisbane,cbrisbane4f@slideshare.net,Female,149.190.162.78,Tanzania
161,Ossie,Mettericke,omettericke4g@huffingtonpost.com,Male,140.211.32.54,Ethiopia
162,Olia,Ayres,oayres4h@surveymonkey.com,Female,19.73.69.72,Sweden
163,Jeane,Dagworthy,jdagworthy4i@webnode.com,Female,220.81.185.142,China
164,Marthe,Elloway,melloway4j@blinklist.com,Female,188.121.225.134,Vietnam
165,Levy,Daenen,ldaenen4k@slideshare.net,Male,0.230.180.129,China
166,Melisa,McGow,mmcgow4l@apache.org,Female,232.130.158.49,China
167,Michal,MacGillreich,mmacgillreich4m@nhs.uk,Male,147.123.90.64,Croatia
168,Esdras,Brayford,ebrayford4n@ucla.edu,Male,51.46.87.29,Dominican Republic
169,Heinrik,Jesty,hjesty4o@fotki.com,Male,217.4.1.28,Indonesia
170,Nerissa,Ibbetson,nibbetson4p@ucsd.edu,Female,149.71.123.20,China
171,Dreddy,Bromet,dbromet4q@naver.com,Female,147.95.139.60,Russia
172,Erwin,Michieli,emichieli4r@123-reg.co.uk,Male,84.75.17.59,Indonesia
173,Edouard,Drydale,edrydale4s@si.edu,Male,59.82.93.154,China
174,Ora,Turfs,oturfs4t@altervista.org,Female,150.211.169.84,Sweden
175,Lotta,Wraight,lwraight4u@wikimedia.org,Female,215.199.125.28,Philippines
176,Tiebold,Housden,thousden4v@vkontakte.ru,Male,110.70.235.24,Netherlands
177,Aurora,Haveline,ahaveline4w@bing.com,Female,154.237.235.51,Poland
178,Morgan,Carson,mcarson4x@typepad.com,Male,156.118.104.130,Portugal
179,Leontyne,Lynds,llynds4y@state.tx.us,Female,120.6.140.37,China
180,Tara,Figgs,tfiggs4z@globo.com,Female,21.163.220.176,Russia
181,Claudio,Lammerding,clammerding50@upenn.edu,Male,125.254.201.190,Mongolia
182,Elicia,Eefting,eeefting51@about.com,Female,85.195.229.214,Philippines
183,Ginnie,Etchell,getchell52@reuters.com,Female,11.245.175.169,Indonesia
184,Nannette,Blanket,nblanket53@histats.com,Female,104.23.191.70,United States
185,Juan,Mabson,jmabson54@sbwire.com,Male,246.227.197.38,Syria
186,Nelly,Boyle,nboyle55@homestead.com,Female,157.197.3.44,Greece
187,Meryl,Chittim,mchittim56@zdnet.com,Male,127.157.73.14,Russia
188,Howard,Kestin,hkestin57@irs.gov,Male,200.115.119.113,Brazil
189,Vasily,MacGinlay,vmacginlay58@state.tx.us,Male,31.255.154.48,Ukraine
190,Jobey,Balme,jbalme59@prlog.org,Female,253.126.70.71,Sweden
191,Jillana,Buten,jbuten5a@ask.com,Female,46.119.150.231,Thailand
192,Rebekkah,Fannin,rfannin5b@slideshare.net,Female,52.1.119.70,Indonesia
193,Hanny,Klimowski,hklimowski5c@nymag.com,Female,155.95.158.213,Brazil
194,Rufus,Ciepluch,rciepluch5d@xing.com,Male,135.135.115.248,Portugal
195,Roosevelt,Manthorpe,rmanthorpe5e@chronoengine.com,Male,158.201.31.34,Greece
196,Kinna,Fransson,kfransson5f@imageshack.us,Female,146.108.211.31,Jordan
197,Burg,Weller,bweller5g@shinystat.com,Male,213.48.40.71,China
198,Clemens,Conelly,cconelly5h@flavors.me,Male,61.128.20.97,Japan
199,Raquela,Swaden,rswaden5i@angelfire.com,Female,137.118.128.172,Ireland
200,Alyson,Barkess,abarkess5j@canalblog.com,Female,36.132.75.70,Indonesia
201,Hall,Rakestraw,hrakestraw5k@prlog.org,Male,44.105.141.188,Macedonia
202,Faulkner,Deerness,fdeerness5l@netscape.com,Male,242.3.41.255,Brazil
203,Eugenie,McDonell,emcdonell5m@newsvine.com,Female,66.230.49.90,Indonesia
204,Katuscha,Iiannone,kiiannone5n@edublogs.org,Female,194.110.112.218,Colombia
205,Jo ann,Shurmer,jshurmer5o@is.gd,Female,132.253.199.105,Philippines
206,Broddie,Zambonini,bzambonini5p@noaa.gov,Male,247.129.254.50,Czech Republic
207,Carena,Godber,cgodber5q@deviantart.com,Female,107.120.34.250,Nigeria
208,Anabelle,Whenman,awhenman5r@arstechnica.com,Female,35.113.113.222,Afghanistan
209,Ulberto,Prebble,uprebble5s@vk.com,Male,67.78.54.112,Philippines
210,Parker,Caistor,pcaistor5t@yale.edu,Male,148.163.56.92,China
211,Jeramie,Duffan,jduffan5u@hugedomains.com,Male,200.95.162.200,China
212,Kimberley,Brafield,kbrafield5v@nbcnews.com,Female,7.109.157.32,China
213,Marcello,Suthren,msuthren5w@addtoany.com,Male,52.242.67.46,Ukraine
214,Letti,Sporner,lsporner5x@rediff.com,Female,239.249.165.228,China
215,Hannie,Lineker,hlineker5y@odnoklassniki.ru,Female,21.186.123.13,Japan
216,Phillipe,Bradshaw,pbradshaw5z@npr.org,Male,9.41.200.111,Indonesia
217,Carlotta,Pegram,cpegram60@1688.com,Female,202.41.206.78,France
218,Stanleigh,Ingry,singry61@europa.eu,Male,214.179.110.68,Indonesia
219,Constancy,McSwan,cmcswan62@constantcontact.com,Female,87.57.7.116,Indonesia
220,Chase,Ratray,cratray63@constantcontact.com,Male,67.224.253.206,China
221,Merwyn,Loveguard,mloveguard64@phpbb.com,Male,4.145.64.214,Palestinian Territory
222,Orson,Shyre,oshyre65@a8.net,Male,94.22.91.70,China
223,Alistair,Cuttler,acuttler66@china.com.cn,Male,71.233.193.234,Russia
224,Kelcy,Bittlestone,kbittlestone67@furl.net,Female,161.50.29.105,Canada
225,Isa,Shortland,ishortland68@forbes.com,Male,9.222.244.209,France
226,Jerri,Bonnette,jbonnette69@unblog.fr,Male,61.221.213.12,China
227,Amii,Cadwaladr,acadwaladr6a@xinhuanet.com,Female,183.231.249.122,Philippines
228,Deanna,Erdes,derdes6b@goo.ne.jp,Female,251.143.156.65,Sweden
229,Hogan,Rebbeck,hrebbeck6c@github.com,Male,30.117.233.112,China
230,Arney,Puddin,apuddin6d@cnbc.com,Male,59.121.116.231,Dominican Republic
231,Ilario,Oldcote,ioldcote6e@nbcnews.com,Male,57.65.49.164,Sweden
232,Paolina,Loveman,ploveman6f@mit.edu,Female,201.202.27.212,China
233,Ursuline,Bruckmann,ubruckmann6g@adobe.com,Female,217.162.122.17,Benin
234,Percy,McGibbon,pmcgibbon6h@cbsnews.com,Male,24.47.250.5,Honduras
235,Guillema,Narramor,gnarramor6i@rakuten.co.jp,Female,211.244.86.79,Oman
236,Roz,Taylerson,rtaylerson6j@amazon.de,Female,211.178.191.202,Poland
237,Felike,Leuchars,fleuchars6k@ameblo.jp,Male,163.139.29.50,Palestinian Territory
238,Dmitri,Sorrel,dsorrel6l@walmart.com,Male,230.24.127.70,Brazil
239,Dagmar,Thompsett,dthompsett6m@engadget.com,Female,8.211.222.99,Indonesia
240,Early,Labadini,elabadini6n@cbsnews.com,Male,43.124.35.32,China
241,Felicle,Buttler,fbuttler6o@europa.eu,Female,77.232.145.219,Indonesia
242,Dewain,Ridel,dridel6p@home.pl,Male,164.20.73.239,Afghanistan
243,Alfons,Brounfield,abrounfield6q@toplist.cz,Male,8.147.82.161,Brazil
244,Alana,Mattusov,amattusov6r@w3.org,Female,15.177.50.18,Argentina
245,Janith,Sheber,jsheber6s@marriott.com,Female,49.150.10.253,Japan
246,Cordie,Daenen,cdaenen6t@wikipedia.org,Female,44.118.2.219,China
247,Dael,Collar,dcollar6u@theglobeandmail.com,Male,89.104.45.1,China
248,Nancey,Burkert,nburkert6v@macromedia.com,Female,125.90.195.128,China
249,Kaleb,Mewes,kmewes6w@blogtalkradio.com,Male,213.140.219.42,Indonesia
250,Ladonna,Fardo,lfardo6x@vimeo.com,Female,7.140.30.131,Denmark
251,Robinetta,Edwicker,redwicker6y@nba.com,Female,22.146.54.118,Indonesia
252,Mariellen,Janiak,mjaniak6z@t-online.de,Female,5.88.3.243,Indonesia
253,Coleen,Strutt,cstrutt70@opensource.org,Female,244.153.181.93,China
254,Sallyanne,Medhurst,smedhurst71@geocities.com,Female,23.50.139.78,Sweden
255,Reba,Inglesent,ringlesent72@harvard.edu,Female,84.50.249.22,Bolivia
256,Tallie,Leggott,tleggott73@umich.edu,Male,170.9.230.170,China
257,Dillie,Soal,dsoal74@sun.com,Male,8.184.30.57,Indonesia
258,Oralee,Gaffer,ogaffer75@amazonaws.com,Female,43.79.67.60,Denmark
259,Loella,Ballefant,lballefant76@hibu.com,Female,103.54.89.106,Portugal
260,Reinaldos,Sharvill,rsharvill77@nbcnews.com,Male,227.11.157.160,Portugal
261,Baxter,Wyness,bwyness78@gov.uk,Male,203.146.6.111,Croatia
262,Rowney,Jura,rjura79@storify.com,Male,59.205.57.246,Indonesia
263,Giacomo,Tytherton,gtytherton7a@usatoday.com,Male,244.58.208.42,Philippines
264,Mireille,McElrea,mmcelrea7b@boston.com,Female,218.110.197.251,Estonia
265,Sigmund,Vaughan-Hughes,svaughanhughes7c@wufoo.com,Male,90.108.44.180,Mauritius
266,Jude,Nobbs,jnobbs7d@wiley.com,Male,230.76.126.42,Indonesia
267,Mathew,Haskayne,mhaskayne7e@tuttocitta.it,Male,144.167.152.132,Indonesia
268,Lucian,Walby,lwalby7f@about.me,Male,43.126.42.38,Bosnia and Herzegovina
269,Jenn,Goddard,jgoddard7g@telegraph.co.uk,Female,157.134.202.248,China
270,Jedidiah,Tran,jtran7h@msu.edu,Male,91.20.112.14,Russia
271,Benson,Cavolini,bcavolini7i@stumbleupon.com,Male,82.200.174.213,Sweden
272,Karel,Cram,kcram7j@hatena.ne.jp,Male,70.13.196.110,China
273,Lanette,Tremblay,ltremblay7k@goo.ne.jp,Female,111.146.169.166,Indonesia
274,Doloritas,Buey,dbuey7l@w3.org,Female,156.100.8.4,Sweden
275,Jerrilee,Durnin,jdurnin7m@merriam-webster.com,Female,190.227.5.144,China
276,Gael,Fetherstonhaugh,gfetherstonhaugh7n@liveinternet.ru,Female,204.50.32.193,Ivory Coast
277,Rycca,Brindle,rbrindle7o@miibeian.gov.cn,Female,81.225.107.209,China
278,Evonne,Sussems,esussems7p@alexa.com,Female,240.19.26.148,Iran
279,Jerrome,Barthelet,jbarthelet7q@bbb.org,Male,76.150.89.55,Vietnam
280,Tammy,Lutwidge,tlutwidge7r@theglobeandmail.com,Female,13.97.134.64,Thailand
281,Carmina,Keaveny,ckeaveny7s@last.fm,Female,6.148.153.1,Guatemala
282,Dare,Meany,dmeany7t@miitbeian.gov.cn,Male,104.233.20.26,Argentina
283,Harli,Senton,hsenton7u@behance.net,Female,250.233.41.25,Peru
284,Leisha,Flieg,lflieg7v@merriam-webster.com,Female,95.21.43.125,Poland
285,Jayson,Jacklings,jjacklings7w@huffingtonpost.com,Male,48.190.127.94,Russia
286,Hobey,Parlott,hparlott7x@alexa.com,Male,170.134.20.94,Poland
287,Chariot,Crohan,ccrohan7y@adobe.com,Male,128.32.118.160,Afghanistan
288,Hortensia,Morteo,hmorteo7z@sakura.ne.jp,Female,90.200.76.178,China
289,Aymer,Roderigo,aroderigo80@privacy.gov.au,Male,137.84.32.226,Japan
290,Gilligan,Espley,gespley81@businesswire.com,Female,22.67.177.73,Albania
291,Jakob,MacVean,jmacvean82@amazonaws.com,Male,159.44.211.82,South Korea
292,Worthy,Bardnam,wbardnam83@plala.or.jp,Male,216.141.102.148,Russia
293,Flori,Westnedge,fwestnedge84@aboutads.info,Female,137.79.38.102,Czech Republic
294,Loren,Swale,lswale85@virginia.edu,Female,161.197.135.241,Pakistan
295,Mathilde,Wharmby,mwharmby86@booking.com,Female,241.240.136.134,Italy
296,Warde,Champness,wchampness87@joomla.org,Male,59.51.162.2,China
297,Sophey,Porkiss,sporkiss88@bigcartel.com,Female,216.7.58.68,Ivory Coast
298,Rochelle,Sandercock,rsandercock89@sakura.ne.jp,Female,240.98.101.116,Russia
299,Bambi,Brightwell,bbrightwell8a@exblog.jp,Female,222.141.40.214,China
300,Tristan,Insoll,tinsoll8b@google.co.uk,Male,151.74.98.210,Indonesia
301,Codi,Harg,charg8c@ifeng.com,Male,141.124.170.119,Indonesia
302,Benedick,Bollis,bbollis8d@indiatimes.com,Male,183.82.199.138,Norway
303,Clementine,Ioannou,cioannou8e@sphinn.com,Female,89.96.49.54,Russia
304,Nolly,Cultcheth,ncultcheth8f@bbb.org,Male,248.191.89.231,Sri Lanka
305,Palm,Idale,pidale8g@indiegogo.com,Male,171.203.168.146,Philippines
306,Margareta,Whisby,mwhisby8h@baidu.com,Female,66.247.194.136,Canada
307,Celia,Ciraldo,cciraldo8i@weibo.com,Female,83.249.102.126,Uganda
308,Petronella,Fathers,pfathers8j@123-reg.co.uk,Female,87.126.204.237,Venezuela
309,Frasco,Gurko,fgurko8k@reuters.com,Male,60.0.167.153,Ukraine
310,Wallache,Hollier,whollier8l@gizmodo.com,Male,111.91.81.181,France
311,Layton,Watkiss,lwatkiss8m@salon.com,Male,178.230.199.252,Switzerland
312,Amalle,Beaford,abeaford8n@craigslist.org,Female,253.122.11.3,Armenia
313,Denys,Capron,dcapron8o@ow.ly,Male,23.111.91.63,Canada
314,Libby,Neeves,lneeves8p@yale.edu,Female,122.181.241.225,Japan
315,Trixy,Dubble,tdubble8q@usatoday.com,Female,158.222.155.153,Peru
316,Aprilette,McGeoch,amcgeoch8r@usda.gov,Female,146.17.153.30,China
317,Vidovik,Yarrow,vyarrow8s@tripadvisor.com,Male,20.68.243.241,Indonesia
318,Hayward,Smead,hsmead8t@ustream.tv,Male,44.26.76.59,Central African Republic
319,Bertrando,Bremond,bbremond8u@bloglovin.com,Male,115.108.176.166,France
320,Quint,Newland,qnewland8v@lulu.com,Male,145.142.215.191,Russia
321,Chloette,Daspar,cdaspar8w@yellowbook.com,Female,18.148.193.253,South Africa
322,Obediah,Jurzyk,ojurzyk8x@behance.net,Male,129.93.145.67,Portugal
323,Urban,Renon,urenon8y@sciencedirect.com,Male,12.41.141.151,Brazil
324,Codi,Nurden,cnurden8z@usgs.gov,Male,3.232.125.59,Democratic Republic of the Congo
325,Chick,Clewett,cclewett90@dedecms.com,Male,194.56.11.59,Russia
326,Joleen,Dahlborg,jdahlborg91@baidu.com,Female,5.187.73.109,Serbia
327,Darline,Prine,dprine92@wikipedia.org,Female,83.107.155.131,Russia
328,Maren,Lowthian,mlowthian93@example.com,Female,66.18.82.217,Poland
329,Lyda,Waugh,lwaugh94@wikia.com,Female,29.100.141.151,Poland
330,Tomasina,Wiggett,twiggett95@cocolog-nifty.com,Female,22.80.38.49,China
331,Teddie,Purbrick,tpurbrick96@jimdo.com,Female,203.114.253.57,Poland
332,Micky,Diment,mdiment97@google.com,Female,16.140.212.236,Indonesia
333,Georgianne,Sprionghall,gsprionghall98@go.com,Female,227.77.200.140,Angola
334,Ab,Dadd,adadd99@digg.com,Male,172.108.104.247,China
335,Aleda,Sives,asives9a@digg.com,Female,224.153.253.43,Russia
336,Sibylle,Beglin,sbeglin9b@a8.net,Female,179.188.237.156,China
337,Brenda,Braddon,bbraddon9c@tmall.com,Female,51.200.5.172,Azerbaijan
338,Kurt,Caghy,kcaghy9d@virginia.edu,Male,217.49.137.225,Poland
339,Chaddie,Darrigrand,cdarrigrand9e@marketwatch.com,Male,69.131.148.148,Indonesia
340,Sergio,Sisland,ssisland9f@sohu.com,Male,88.68.139.6,Colombia
341,Casandra,Saltmarshe,csaltmarshe9g@fc2.com,Female,22.73.141.57,Poland
342,Tomi,Raund,traund9h@chron.com,Female,163.153.238.0,Japan
343,Renee,Batty,rbatty9i@usda.gov,Female,254.255.50.5,Ghana
344,Brandi,Scandrite,bscandrite9j@meetup.com,Female,111.49.255.36,Indonesia
345,Colver,Cullerne,ccullerne9k@jiathis.com,Male,42.144.101.136,France
346,Martie,Lieb,mlieb9l@umich.edu,Male,184.94.110.211,Sweden
347,Chantal,Fairlam,cfairlam9m@gravatar.com,Female,228.197.198.125,Egypt
348,Neill,Jaggar,njaggar9n@123-reg.co.uk,Male,219.73.33.177,China
349,Kristoforo,Cathro,kcathro9o@oaic.gov.au,Male,217.245.112.236,China
350,Cyrill,Caig,ccaig9p@godaddy.com,Male,9.115.42.246,China
351,Gauthier,MacIver,gmaciver9q@smh.com.au,Male,234.165.77.37,France
352,Eleen,Carleman,ecarleman9r@state.gov,Female,237.125.104.12,Philippines
353,Raffaello,Mandel,rmandel9s@mediafire.com,Male,52.165.224.25,Bosnia and Herzegovina
354,Jewelle,Doerren,jdoerren9t@rakuten.co.jp,Female,151.227.76.160,Russia
355,Minerva,Gelderd,mgelderd9u@cafepress.com,Female,46.118.169.117,Ivory Coast
356,Woody,Scamerden,wscamerden9v@mysql.com,Male,209.156.121.216,Brazil
357,Norby,Smallacombe,nsmallacombe9w@mac.com,Male,229.181.195.122,Indonesia
358,Reggy,Nanuccioi,rnanuccioi9x@devhub.com,Male,21.59.41.44,Russia
359,Antonio,Warke,awarke9y@google.pl,Male,38.198.44.183,Portugal
360,Barron,Westoll,bwestoll9z@sourceforge.net,Male,121.177.241.208,France
361,Flossy,Faloon,ffaloona0@un.org,Female,89.65.110.162,China
362,Hanni,Hillam,hhillama1@wiley.com,Female,101.122.7.56,Portugal
363,Marlyn,Hadlee,mhadleea2@opensource.org,Female,180.77.171.143,Estonia
364,Astrid,Forrest,aforresta3@nsw.gov.au,Female,141.147.61.90,Vietnam
365,Cosme,Miles,cmilesa4@google.de,Male,46.184.175.84,China
366,Skell,Harrell,sharrella5@bigcartel.com,Male,209.100.79.75,Panama
367,Rebecka,Haffner,rhaffnera6@weebly.com,Female,52.62.26.99,France
368,Frasco,Gaskill,fgaskilla7@time.com,Male,50.103.62.48,Gambia
369,Jarib,Slatten,jslattena8@google.nl,Male,31.251.59.157,Sweden
370,Lise,Filov,lfilova9@yale.edu,Female,38.133.250.123,Iran
371,Anthia,Plastow,aplastowaa@google.com.hk,Female,104.60.67.166,Mexico
372,Lethia,Syratt,lsyrattab@ox.ac.uk,Female,94.102.238.229,Saint Kitts and Nevis
373,Lorelle,Jayes,ljayesac@flickr.com,Female,11.106.209.89,Peru
374,Shelli,Treffrey,streffreyad@addtoany.com,Female,248.228.52.13,Indonesia
375,De witt,Clace,dclaceae@shop-pro.jp,Male,123.211.87.142,China
376,Xymenes,Maxwale,xmaxwaleaf@nifty.com,Male,86.213.107.231,United Kingdom
377,Loydie,Chessum,lchessumag@joomla.org,Male,8.37.28.59,Peru
378,Tabbie,Wytchard,twytchardah@ehow.com,Female,117.102.162.151,Sri Lanka
379,Olga,Simond,osimondai@com.com,Female,112.13.171.97,Indonesia
380,Christoph,Stanex,cstanexaj@paypal.com,Male,37.86.18.166,China
381,Aundrea,Cavet,acavetak@amazon.com,Female,153.81.76.129,Philippines
382,Charmine,Guyer,cguyeral@pagesperso-orange.fr,Female,201.124.110.41,China
383,Charlie,Giacobilio,cgiacobilioam@microsoft.com,Male,162.247.222.215,Brazil
384,Kelsey,MacGillespie,kmacgillespiean@weather.com,Male,177.101.17.89,Russia
385,Vladamir,Rowter,vrowterao@wsj.com,Male,29.208.213.64,Brazil
386,Grethel,Llewellin,gllewellinap@accuweather.com,Female,90.206.174.50,Argentina
387,Patrizia,Stook,pstookaq@nbcnews.com,Female,183.153.194.153,Czech Republic
388,Heida,Deverock,hdeverockar@amazon.co.uk,Female,234.120.91.7,Vietnam
389,Caleb,Hennemann,chennemannas@geocities.jp,Male,114.118.86.204,Brazil
390,Nikoletta,d'Escoffier,ndescoffierat@europa.eu,Female,173.35.161.66,Iran
391,Jakie,Shadfourth,jshadfourthau@opera.com,Male,121.206.42.217,Ukraine
392,Rois,Jachimiak,rjachimiakav@ted.com,Female,176.17.50.215,Cyprus
393,Kiah,D'Aubney,kdaubneyaw@mit.edu,Female,185.249.160.60,Sweden
394,Currie,Peabody,cpeabodyax@clickbank.net,Male,17.80.149.10,Philippines
395,Say,Bowkley,sbowkleyay@istockphoto.com,Male,180.139.25.38,Israel
396,Tilda,Roos,troosaz@unesco.org,Female,157.89.98.9,Egypt
397,Boonie,Calam,bcalamb0@list-manage.com,Male,145.113.154.48,Russia
398,Nevil,Forsard,nforsardb1@fema.gov,Male,229.170.234.204,Brazil
399,Stavro,Guinery,sguineryb2@wordpress.org,Male,236.245.145.212,Sweden
400,Nev,Tysall,ntysallb3@admin.ch,Male,230.58.147.190,Russia
401,Ardenia,Hallahan,ahallahanb4@quantcast.com,Female,248.60.24.131,Italy
402,Poul,Beasley,pbeasleyb5@abc.net.au,Male,250.14.84.139,Indonesia
403,Shepperd,Sexstone,ssexstoneb6@woothemes.com,Male,11.0.55.73,Russia
404,Bartram,Scarre,bscarreb7@wordpress.org,Male,229.39.143.231,Thailand
405,Brittne,Mullineux,bmullineuxb8@webs.com,Female,104.182.151.162,Ukraine
406,Sophie,Hoodlass,shoodlassb9@omniture.com,Female,94.28.156.157,Slovenia
407,Brit,MacAleese,bmacaleeseba@blog.com,Female,113.147.32.151,Mongolia
408,Georgi,Rowsel,growselbb@so-net.ne.jp,Male,102.141.26.65,Macedonia
409,Lexy,Kubek,lkubekbc@yale.edu,Female,197.143.206.73,Portugal
410,Eben,Elsworth,eelsworthbd@princeton.edu,Male,195.120.122.226,Philippines
411,Zaccaria,Tonks,ztonksbe@altervista.org,Male,241.166.44.114,Gambia
412,Morris,Marner,mmarnerbf@shinystat.com,Male,233.1.240.20,France
413,Nicoline,Test,ntestbg@apache.org,Female,95.206.108.0,Portugal
414,Marja,Brinded,mbrindedbh@yahoo.com,Female,169.59.31.27,Portugal
415,Zorah,Duffield,zduffieldbi@etsy.com,Female,87.9.59.103,Japan
416,Bobbi,Dono,bdonobj@meetup.com,Female,84.59.156.60,New Zealand
417,Sibella,Cressy,scressybk@dailymail.co.uk,Female,94.18.125.196,Dominican Republic
418,George,Schooley,gschooleybl@bandcamp.com,Female,160.77.17.175,Vietnam
419,Fredra,Duigan,fduiganbm@google.ca,Female,136.215.83.150,Kazakhstan
420,Fonsie,Dunsmore,fdunsmorebn@ucoz.ru,Male,220.105.37.189,France
421,Marybeth,Fishburn,mfishburnbo@reddit.com,Female,187.22.228.17,Indonesia
422,Jarib,Porter,jporterbp@acquirethisname.com,Male,146.185.239.238,Philippines
423,Fraser,Shepeard,fshepeardbq@nasa.gov,Male,118.216.162.32,China
424,Jennine,Unstead,junsteadbr@hostgator.com,Female,191.56.250.160,Peru
425,Bailey,Waszczykowski,bwaszczykowskibs@noaa.gov,Male,148.139.160.65,Georgia
426,Rollin,Noble,rnoblebt@typepad.com,Male,121.186.108.205,United States
427,Kimberlee,Keaysell,kkeaysellbu@webs.com,Female,91.208.169.129,Brazil
428,Sutton,Claiden,sclaidenbv@sphinn.com,Male,30.23.117.124,Indonesia
429,Jareb,Marciek,jmarciekbw@fastcompany.com,Male,147.236.61.226,Ukraine
430,Timothee,MacAlaster,tmacalasterbx@ucsd.edu,Male,243.93.179.187,Guatemala
431,Aarika,Zorener,azorenerby@who.int,Female,42.224.200.4,China
432,Aviva,Champness,achampnessbz@blogs.com,Female,103.142.209.167,Syria
433,Benoite,Mucillo,bmucilloc0@zimbio.com,Female,195.98.90.100,Afghanistan
434,Finn,Trimby,ftrimbyc1@privacy.gov.au,Male,204.213.225.102,Indonesia
435,Letti,Eisenberg,leisenbergc2@sun.com,Female,135.253.254.233,Indonesia
436,Annabela,Sainsbury-Brown,asainsburybrownc3@ftc.gov,Female,20.172.148.216,Tunisia
437,Walden,Wiffield,wwiffieldc4@opera.com,Male,20.61.252.86,Poland
438,Devi,Brigstock,dbrigstockc5@yandex.ru,Female,93.50.38.159,Sweden
439,Morly,Boni,mbonic6@nbcnews.com,Male,189.74.172.48,Indonesia
440,Nevins,Bickerstaffe,nbickerstaffec7@amazon.com,Male,127.127.193.84,Sweden
441,Marcos,Bezemer,mbezemerc8@opensource.org,Male,157.116.183.166,Chile
442,Aurora,Metts,amettsc9@bloglines.com,Female,160.82.152.132,Philippines
443,Chase,Trahar,ctraharca@privacy.gov.au,Male,157.53.109.104,Finland
444,Anatol,Christofe,achristofecb@fda.gov,Male,135.106.77.94,China
445,Dari,Ludlam,dludlamcc@latimes.com,Female,92.51.38.9,Ukraine
446,Ethelbert,Jedrzejewsky,ejedrzejewskycd@etsy.com,Male,216.187.178.95,Peru
447,Anthiathia,Chalfain,achalfaince@goo.ne.jp,Female,62.23.37.194,Russia
448,Raul,Shorie,rshoriecf@pcworld.com,Male,13.112.201.85,United States
449,Celestyn,Aleswell,caleswellcg@hp.com,Female,166.30.52.69,China
450,Trace,Duthie,tduthiech@nydailynews.com,Male,22.177.216.144,China
451,Augustina,Baurerich,abaurerichci@prnewswire.com,Female,187.32.166.147,China
452,Marcos,Walles,mwallescj@tmall.com,Male,144.245.58.133,Japan
453,Alida,Twining,atwiningck@printfriendly.com,Female,68.183.224.1,Latvia
454,Borden,Sodo,bsodocl@amazon.co.uk,Male,221.2.226.129,Ghana
455,Amos,Grzeszczak,agrzeszczakcm@mit.edu,Male,73.17.222.58,China
456,Florencia,Baruch,fbaruchcn@state.gov,Female,6.142.47.239,Portugal
457,Brennen,Crowter,bcrowterco@wired.com,Male,208.180.117.178,Ireland
458,Hephzibah,Gyenes,hgyenescp@qq.com,Female,167.151.187.125,Czech Republic
459,Gaven,Piens,gpienscq@smh.com.au,Male,122.179.212.92,Mauritius
460,Salomi,Aucott,saucottcr@google.nl,Female,63.62.92.36,Pakistan
461,Stearn,Dametti,sdamettics@icq.com,Male,202.72.189.221,Indonesia
462,Ax,Harwood,aharwoodct@phpbb.com,Male,150.233.70.222,Indonesia
463,Orlan,Albone,oalbonecu@mozilla.org,Male,62.57.131.250,Mexico
464,Poul,Zambon,pzamboncv@networksolutions.com,Male,178.132.13.235,China
465,Lonni,Godmar,lgodmarcw@businessinsider.com,Female,190.248.101.223,China
466,Arvie,Staries,astariescx@51.la,Male,224.85.2.208,Russia
467,Bondie,Nutter,bnuttercy@artisteer.com,Male,233.47.156.8,China
468,Cathe,Cottom,ccottomcz@dedecms.com,Female,71.64.34.161,Brazil
469,Nolan,Reekie,nreekied0@360.cn,Male,17.147.145.188,Sweden
470,Pearline,Cutridge,pcutridged1@psu.edu,Female,61.160.65.236,Norway
471,Robbie,Campagne,rcampagned2@webnode.com,Male,107.112.106.50,Canada
472,Kingsley,Gelletly,kgelletlyd3@spiegel.de,Male,138.139.208.255,Argentina
473,Dwain,Jaspar,djaspard4@alibaba.com,Male,38.227.18.126,United States
474,Brietta,McRobbie,bmcrobbied5@chron.com,Female,134.217.248.148,Netherlands
475,Anallese,Tedder,atedderd6@amazon.co.jp,Female,30.169.185.194,Equatorial Guinea
476,Jeromy,Daley,jdaleyd7@reuters.com,Male,127.61.154.172,Russia
477,Bearnard,Al Hirsi,balhirsid8@opensource.org,Male,255.214.207.48,Malaysia
478,Adams,Luetchford,aluetchfordd9@ibm.com,Male,35.18.50.85,China
479,Felisha,Plover,fploverda@virginia.edu,Female,78.2.132.44,Burkina Faso
480,Gardner,Delves,gdelvesdb@gmpg.org,Male,20.87.29.121,Indonesia
481,Mack,Klimshuk,mklimshukdc@wufoo.com,Male,53.248.48.121,Poland
482,Johny,Blaby,jblabydd@xinhuanet.com,Male,136.82.207.76,Indonesia
483,Oriana,Corradini,ocorradinide@geocities.jp,Female,229.189.198.41,Indonesia
484,Hana,MacEveley,hmaceveleydf@miitbeian.gov.cn,Female,10.22.73.209,France
485,Daphne,D'Enrico,ddenricodg@cam.ac.uk,Female,237.211.181.193,China
486,Niccolo,Lindermann,nlindermanndh@narod.ru,Male,91.206.164.152,Sweden
487,Jules,Pietsma,jpietsmadi@foxnews.com,Male,117.38.98.232,Dominican Republic
488,Abram,Ferrillo,aferrillodj@examiner.com,Male,119.219.70.53,Iran
489,Rogers,Jozefczak,rjozefczakdk@disqus.com,Male,2.220.175.32,Poland
490,Wally,Bru,wbrudl@google.nl,Male,38.197.187.186,Russia
491,Velma,Papworth,vpapworthdm@hao123.com,Female,168.254.75.33,Thailand
492,Modestine,Ceschi,mceschidn@reference.com,Female,18.123.56.206,Nigeria
493,Binky,Flye,bflyedo@wikia.com,Male,162.39.161.181,Brazil
494,Kerby,Heddy,kheddydp@4shared.com,Male,167.119.224.165,China
495,Guillema,Gallen,ggallendq@netscape.com,Female,227.143.84.45,Indonesia
496,Dulcie,Heffer,dhefferdr@shareasale.com,Female,115.166.43.48,France
497,Cyb,Flann,cflannds@upenn.edu,Female,254.237.180.188,China
498,Dillie,Lovat,dlovatdt@buzzfeed.com,Male,58.178.18.214,Indonesia
499,Damian,Clayborn,dclayborndu@live.com,Male,230.40.35.120,Philippines
500,Henrieta,Fullick,hfullickdv@github.io,Female,25.230.214.166,China
501,Reube,Garnsworthy,rgarnsworthydw@yale.edu,Male,35.8.226.126,Nigeria
502,Berty,Forsbey,bforsbeydx@yellowpages.com,Female,238.74.147.17,China
503,Jermayne,Choppin,jchoppindy@uiuc.edu,Male,123.221.97.114,China
504,Ali,Crane,acranedz@google.ru,Female,107.207.110.33,Indonesia
505,Kristina,Trighton,ktrightone0@amazon.co.uk,Female,194.0.127.222,China
506,Jaime,Joderli,jjoderlie1@cisco.com,Male,162.239.195.20,Ireland
507,Ephraim,Quibell,equibelle2@joomla.org,Male,211.95.14.245,Luxembourg
508,Kalle,Kincaid,kkincaide3@printfriendly.com,Male,107.4.89.4,Croatia
509,Linn,Phidgin,lphidgine4@phpbb.com,Female,166.37.179.68,Thailand
510,Markus,Tollmache,mtollmachee5@topsy.com,Male,35.157.70.50,Sweden
511,Bald,Marwick,bmarwicke6@foxnews.com,Male,3.9.25.185,Japan
512,Marna,Beard,mbearde7@soup.io,Female,98.147.167.138,Taiwan
513,Olenolin,Duhig,oduhige8@opensource.org,Male,111.146.19.181,Nigeria
514,Ganny,Doorey,gdooreye9@washingtonpost.com,Male,24.139.24.65,Ireland
515,Paton,Salmen,psalmenea@360.cn,Male,8.118.40.138,Netherlands
516,Gerda,Dunlap,gdunlapeb@rambler.ru,Female,96.33.44.114,Greece
517,Cass,Bradick,cbradickec@mashable.com,Female,219.134.182.218,Brazil
518,Agneta,Schaumann,aschaumanned@opera.com,Female,148.243.28.181,China
519,Audi,Wheater,awheateree@businesswire.com,Female,179.205.175.155,Portugal
520,Gerhardt,Pendre,gpendreef@europa.eu,Male,8.122.41.187,Indonesia
521,Ursa,Reedick,ureedickeg@t.co,Female,6.129.138.147,Zambia
522,Dorie,Boulton,dboultoneh@redcross.org,Female,235.220.126.153,Finland
523,Dilan,Dimmne,ddimmneei@microsoft.com,Male,241.171.82.7,China
524,Ephrayim,McGebenay,emcgebenayej@flavors.me,Male,77.212.127.62,Portugal
525,Maryellen,Simeone,msimeoneek@myspace.com,Female,173.67.248.102,Czech Republic
526,Ivor,Doidge,idoidgeel@hibu.com,Male,223.106.79.130,Peru
527,Rora,Bernardy,rbernardyem@edublogs.org,Female,168.128.13.145,Brazil
528,Byrann,Greswell,bgreswellen@blog.com,Male,125.147.86.197,Indonesia
529,Netty,Alvaro,nalvaroeo@feedburner.com,Female,125.214.217.139,Canada
530,Onfroi,Mehew,omehewep@ow.ly,Male,109.175.196.235,Philippines
531,Shepperd,Minear,smineareq@ow.ly,Male,26.69.3.113,Sweden
532,Brita,Balleine,bballeineer@yellowbook.com,Female,86.101.82.232,Poland
533,Wilie,Cooke,wcookees@whitehouse.gov,Female,238.250.0.170,Portugal
534,Lynea,Larter,llarteret@jigsy.com,Female,189.218.178.87,Kazakhstan
535,Bran,Mechic,bmechiceu@usda.gov,Male,36.170.209.199,Argentina
536,Hewie,Auckland,haucklandev@w3.org,Male,37.70.115.32,China
537,Elizabet,Matthesius,ematthesiusew@lulu.com,Female,145.59.31.157,Russia
538,Irv,Danielut,idanielutex@feedburner.com,Male,173.94.63.26,China
539,Rene,Scane,rscaneey@istockphoto.com,Male,230.34.193.121,Russia
540,Julina,Tirkin,jtirkinez@webeden.co.uk,Female,83.152.168.80,Nigeria
541,Ashlie,Ingreda,aingredaf0@t.co,Female,232.243.192.229,Philippines
542,Eveline,Iacovozzo,eiacovozzof1@rambler.ru,Female,195.177.64.129,Japan
543,Philbert,Yele,pyelef2@sitemeter.com,Male,99.115.49.210,Russia
544,Kerry,Woodthorpe,kwoodthorpef3@gnu.org,Male,171.115.249.113,China
545,Isobel,Pretsell,ipretsellf4@toplist.cz,Female,15.205.18.26,United States
546,Aleta,Scapelhorn,ascapelhornf5@tuttocitta.it,Female,214.0.186.220,China
547,Elfreda,Bartoleyn,ebartoleynf6@sciencedirect.com,Female,137.114.150.210,Portugal
548,Reiko,Getsham,rgetshamf7@sohu.com,Female,162.211.1.132,United States
549,Corny,Arnau,carnauf8@paypal.com,Female,242.2.161.141,Somalia
550,Bryn,Stutter,bstutterf9@surveymonkey.com,Female,255.92.154.153,Lebanon
551,Clyve,Auguste,caugustefa@google.com.br,Male,244.139.225.130,Philippines
552,Rozanna,Eble,reblefb@google.de,Female,55.221.216.213,Indonesia
553,Kennan,Byfford,kbyffordfc@mashable.com,Male,184.120.66.233,Nicaragua
554,Tuck,Withringten,twithringtenfd@spotify.com,Male,252.181.47.146,Czech Republic
555,Corrinne,Jaxon,cjaxonfe@reference.com,Female,94.110.55.76,France
556,Ladonna,Sidwell,lsidwellff@jigsy.com,Female,196.196.109.22,Finland
557,Fidel,Kulver,fkulverfg@google.ca,Male,156.169.177.245,China
558,Carleton,Allan,callanfh@scribd.com,Male,143.147.4.36,China
559,Sibylla,Becerra,sbecerrafi@ning.com,Female,129.212.18.169,Vietnam
560,Karlyn,Cave,kcavefj@amazon.co.uk,Female,246.108.128.138,China
561,Jolene,Fluck,jfluckfk@ed.gov,Female,248.180.251.141,France
562,Torin,Savery,tsaveryfl@t.co,Male,193.212.233.158,Jordan
563,Wendel,Gregoretti,wgregorettifm@slate.com,Male,219.210.237.97,Brazil
564,Blondie,Girling,bgirlingfn@ucla.edu,Female,19.11.40.61,China
565,Buddie,Buttrick,bbuttrickfo@stumbleupon.com,Male,55.143.128.215,Sweden
566,Whitney,Leppard,wleppardfp@linkedin.com,Female,40.204.234.161,Finland
567,Jenn,Pantone,jpantonefq@irs.gov,Female,189.137.0.92,Czech Republic
568,Marybeth,Shenton,mshentonfr@csmonitor.com,Female,63.165.158.132,Peru
569,Portie,Corran,pcorranfs@ed.gov,Male,116.120.162.46,United States
570,Gabrielle,McCutheon,gmccutheonft@plala.or.jp,Female,117.24.135.109,Palestinian Territory
571,Ernie,Dallander,edallanderfu@house.gov,Male,93.232.16.142,Sweden
572,Hobard,Hannis,hhannisfv@house.gov,Male,205.74.77.230,Poland
573,Paloma,Sulland,psullandfw@cbc.ca,Female,26.215.117.11,Russia
574,Juline,Tittershill,jtittershillfx@miitbeian.gov.cn,Female,160.78.87.102,Russia
575,Megan,Gilardengo,mgilardengofy@goo.gl,Female,3.18.223.68,Slovenia
576,Shem,Deetlof,sdeetloffz@squidoo.com,Male,142.90.24.147,China
577,Billy,Cyseley,bcyseleyg0@freewebs.com,Male,197.97.60.20,Czech Republic
578,Ric,Kobierski,rkobierskig1@berkeley.edu,Male,222.61.105.28,Portugal
579,Selby,Broadstock,sbroadstockg2@unicef.org,Male,5.45.164.107,Indonesia
580,Janot,Sunshine,jsunshineg3@geocities.jp,Female,171.44.44.175,Cuba
581,Nealson,McCaighey,nmccaigheyg4@youku.com,Male,116.60.155.75,Thailand
582,Esta,Shearsby,eshearsbyg5@wunderground.com,Female,184.28.102.23,China
583,Merrie,Lethabridge,mlethabridgeg6@hugedomains.com,Female,163.152.218.66,China
584,Lind,Winsom,lwinsomg7@hud.gov,Male,42.14.32.105,Poland
585,Terese,Colegate,tcolegateg8@scientificamerican.com,Female,151.244.136.170,China
586,Brenna,Brandolini,bbrandolinig9@kickstarter.com,Female,192.89.118.136,Bangladesh
587,Lanette,Verey,lvereyga@google.co.jp,Female,194.31.143.190,Democratic Republic of the Congo
588,Dyana,Branche,dbranchegb@mysql.com,Female,155.210.205.152,Northern Mariana Islands
589,Christabella,Cawthorne,ccawthornegc@nasa.gov,Female,218.221.241.85,Mali
590,Frannie,Penkethman,fpenkethmangd@vkontakte.ru,Female,129.106.46.97,Mexico
591,Reagen,Dewhurst,rdewhurstge@desdev.cn,Male,107.157.178.102,China
592,Somerset,Costan,scostangf@tripadvisor.com,Male,69.220.22.30,Indonesia
593,Holt,Lamshead,hlamsheadgg@jalbum.net,Male,177.113.227.114,Peru
594,Shay,Gerhold,sgerholdgh@google.de,Female,53.129.197.107,Egypt
595,Dale,Currie,dcurriegi@theglobeandmail.com,Female,14.134.93.125,Pakistan
596,Joella,MacSporran,jmacsporrangj@chicagotribune.com,Female,153.123.159.161,China
597,Alonzo,Walworche,awalworchegk@cpanel.net,Male,148.134.83.187,Costa Rica
598,Modesty,Leverage,mleveragegl@myspace.com,Female,198.149.69.47,Sweden
599,Tadio,Martinelli,tmartinelligm@slashdot.org,Male,168.234.4.98,Costa Rica
600,Reade,Pethrick,rpethrickgn@wired.com,Male,122.0.66.38,Czech Republic
601,Gwen,Beahan,gbeahango@sciencedirect.com,Female,211.64.239.143,Indonesia
602,Addy,Blunsom,ablunsomgp@businesswire.com,Male,60.173.91.231,Thailand
603,Marta,Rame,mramegq@archive.org,Female,249.105.20.142,China
604,Sile,Beddows,sbeddowsgr@xing.com,Female,61.175.170.193,Nigeria
605,Rebecca,Greenall,rgreenallgs@w3.org,Female,21.214.103.192,Japan
606,Essie,Seignior,eseigniorgt@homestead.com,Female,227.192.218.132,Thailand
607,Nikolos,Kann,nkanngu@cargocollective.com,Male,249.193.135.92,Greece
608,Cherrita,Blasing,cblasinggv@nba.com,Female,235.224.118.175,China
609,Kimmi,Leask,kleaskgw@businesswire.com,Female,42.6.243.190,Bosnia and Herzegovina
610,Titus,Abbes,tabbesgx@yahoo.com,Male,173.8.193.81,China
611,Michele,Shipston,mshipstongy@spotify.com,Male,106.179.43.87,Philippines
612,Rosana,Valde,rvaldegz@census.gov,Female,66.24.203.15,China
613,Garvin,Laird-Craig,glairdcraigh0@soup.io,Male,175.62.52.79,Tajikistan
614,Sherri,Hirsthouse,shirsthouseh1@google.com.br,Female,11.244.175.193,Czech Republic
615,Evaleen,Wedlock,ewedlockh2@mail.ru,Female,187.171.99.178,Palestinian Territory
616,Clea,Towler,ctowlerh3@rediff.com,Female,147.243.49.230,Netherlands
617,Codi,Prettyjohns,cprettyjohnsh4@marketwatch.com,Male,11.8.26.242,China
618,Cordula,Braunlein,cbraunleinh5@springer.com,Female,28.186.232.92,Spain
619,Bryn,Burridge,bburridgeh6@mapy.cz,Female,3.67.195.110,Peru
620,Suzie,Ofen,sofenh7@cnn.com,Female,232.47.195.82,Greece
621,Andris,Maddra,amaddrah8@thetimes.co.uk,Male,168.135.146.165,Indonesia
622,Flor,Ebanks,febanksh9@nymag.com,Female,233.246.69.64,Ukraine
623,Beverie,Guly,bgulyha@nature.com,Female,244.149.238.107,Brazil
624,Jordain,Crandon,jcrandonhb@fc2.com,Female,54.71.49.65,Serbia
625,Garret,Goulthorp,ggoulthorphc@dmoz.org,Male,10.12.120.95,Indonesia
626,Ximenez,Trotman,xtrotmanhd@livejournal.com,Male,57.149.73.64,Poland
627,Elizabeth,Wiburn,ewiburnhe@privacy.gov.au,Female,48.36.146.57,Russia
628,Wilek,Bausor,wbausorhf@godaddy.com,Male,85.184.183.37,Indonesia
629,Conrad,Collick,ccollickhg@blogspot.com,Male,205.238.122.75,Kenya
630,Carmelia,Aiskrigg,caiskrigghh@deliciousdays.com,Female,19.18.115.194,Ukraine
631,Myrna,Grolle,mgrollehi@ucoz.com,Female,242.36.47.114,Russia
632,Mata,Boullin,mboullinhj@wunderground.com,Male,209.43.197.53,Philippines
633,Johanna,Jina,jjinahk@symantec.com,Female,88.69.3.194,Czech Republic
634,Jelene,Fairham,jfairhamhl@npr.org,Female,218.63.34.157,France
635,Carolyne,Godden,cgoddenhm@goodreads.com,Female,162.177.134.33,Indonesia
636,Kiley,McCaughan,kmccaughanhn@alexa.com,Male,242.174.44.214,Croatia
637,Clarette,Altham,calthamho@guardian.co.uk,Female,240.84.45.88,Honduras
638,Chadd,Mabb,cmabbhp@umn.edu,Male,91.100.186.122,Guatemala
639,Quent,Ealden,qealdenhq@apache.org,Male,53.236.191.134,Indonesia
640,Ailina,Whyard,awhyardhr@google.ca,Female,140.197.233.249,Argentina
641,Cecily,Ruberry,cruberryhs@epa.gov,Female,221.15.127.93,Malta
642,Elihu,Drakes,edrakesht@cocolog-nifty.com,Male,202.210.254.70,Taiwan
643,Griffy,Surgener,gsurgenerhu@photobucket.com,Male,177.199.39.210,Philippines
644,Ferdie,Heber,fheberhv@slashdot.org,Male,65.176.197.53,Indonesia
645,Locke,Hales,lhaleshw@nifty.com,Male,149.92.39.137,Slovenia
646,Kerry,Welbrock,kwelbrockhx@yale.edu,Female,148.34.142.50,China
647,Norina,Peyzer,npeyzerhy@vkontakte.ru,Female,16.68.22.197,Thailand
648,Abby,Veneur,aveneurhz@shareasale.com,Female,172.165.129.109,Poland
649,Carly,Depke,cdepkei0@indiatimes.com,Male,217.163.149.95,Russia
650,Abbot,Boughtflower,aboughtfloweri1@indiatimes.com,Male,206.10.25.56,China
651,Claresta,Robbert,crobberti2@alexa.com,Female,119.74.55.196,Estonia
652,Gualterio,O'Griffin,gogriffini3@cbc.ca,Male,152.6.28.28,China
653,Almeda,Menlow,amenlowi4@gnu.org,Female,70.4.70.217,Poland
654,Sacha,Turgoose,sturgoosei5@livejournal.com,Female,30.180.252.122,Philippines
655,Cristina,Mattingson,cmattingsoni6@wunderground.com,Female,193.111.128.95,Guatemala
656,Paule,Popland,ppoplandi7@mediafire.com,Female,16.123.111.164,Indonesia
657,Marlow,Tibbles,mtibblesi8@npr.org,Male,150.220.178.9,Japan
658,Zenia,Olver,zolveri9@usda.gov,Female,145.18.213.19,Finland
659,Allard,Scouler,ascouleria@alibaba.com,Male,17.162.154.147,Afghanistan
660,Buddy,Whanstall,bwhanstallib@ebay.co.uk,Male,181.17.53.69,Israel
661,Garek,Fawcett,gfawcettic@fema.gov,Male,165.223.133.110,Vietnam
662,Mannie,Starmont,mstarmontid@seesaa.net,Male,224.52.97.147,Indonesia
663,Pearla,McLennan,pmclennanie@shutterfly.com,Female,203.154.0.189,France
664,Tucky,Barnwall,tbarnwallif@chicagotribune.com,Male,122.95.171.158,Indonesia
665,Boothe,Brosh,bbroshig@bizjournals.com,Male,206.143.79.85,Yemen
666,Clotilda,Frostick,cfrostickih@cbc.ca,Female,251.163.63.78,Russia
667,Christen,Kolak,ckolakii@freewebs.com,Female,126.138.157.202,France
668,Fania,Bendelow,fbendelowij@reddit.com,Female,0.126.242.144,Philippines
669,Ewen,Raye,erayeik@bing.com,Male,119.203.172.10,Indonesia
670,Anselma,Conkey,aconkeyil@alibaba.com,Female,120.195.14.188,China
671,Merridie,Tuke,mtukeim@globo.com,Female,154.188.198.243,South Korea
672,Evelyn,Gall,egallin@aboutads.info,Male,57.134.178.85,Poland
673,Dougie,Hoyle,dhoyleio@studiopress.com,Male,197.84.128.255,Poland
674,Claresta,Aleksankov,caleksankovip@army.mil,Female,129.154.72.203,Uruguay
675,Wilfrid,Alvarado,walvaradoiq@discovery.com,Male,254.8.188.44,Palestinian Territory
676,Bambi,Hearns,bhearnsir@constantcontact.com,Female,162.175.220.63,Russia
677,Brock,Frodsham,bfrodshamis@nytimes.com,Male,156.190.64.208,Poland
678,Hilary,Hinrich,hhinrichit@google.cn,Male,204.33.177.178,United States
679,Melinda,Graben,mgrabeniu@amazon.co.jp,Female,122.132.174.40,Philippines
680,Lesley,Tarbert,ltarbertiv@yellowpages.com,Male,221.86.189.71,Poland
681,Annissa,Andric,aandriciw@reverbnation.com,Female,147.220.106.103,Germany
682,Willis,Newband,wnewbandix@eepurl.com,Male,233.214.209.236,Argentina
683,Moss,Di Maggio,mdimaggioiy@blogger.com,Male,227.2.66.114,Ukraine
684,Kristan,Penhalurick,kpenhalurickiz@tuttocitta.it,Female,204.75.96.31,Japan
685,Bald,Chastenet,bchastenetj0@auda.org.au,Male,103.28.206.219,China
686,Jacqueline,Sawney,jsawneyj1@sciencedirect.com,Female,91.57.123.87,Indonesia
687,Emalee,De Ferraris,edeferrarisj2@theglobeandmail.com,Female,85.156.172.219,China
688,Allie,Rainbow,arainbowj3@gnu.org,Male,106.186.254.150,Peru
689,Sapphire,Clover,scloverj4@nydailynews.com,Female,214.203.162.129,Canada
690,Alexander,Jackways,ajackwaysj5@hp.com,Male,74.235.234.220,Peru
691,Thomasin,Hatfull,thatfullj6@tripod.com,Female,232.199.249.128,Sweden
692,Cris,Denington,cdeningtonj7@friendfeed.com,Male,104.132.201.205,Brazil
693,Cornie,Paler,cpalerj8@sciencedirect.com,Male,97.29.54.54,Czech Republic
694,Quint,Agglione,qagglionej9@virginia.edu,Male,88.128.253.191,Costa Rica
695,Ailbert,Arran,aarranja@youku.com,Male,205.39.197.47,Mexico
696,Barr,Greschke,bgreschkejb@wp.com,Male,113.229.95.14,China
697,Syd,Dillon,sdillonjc@dyndns.org,Male,161.196.85.138,China
698,Sue,Basindale,sbasindalejd@yale.edu,Female,38.153.155.201,Brazil
699,Pryce,Stood,pstoodje@printfriendly.com,Male,149.161.83.207,China
700,Kerrie,Strafen,kstrafenjf@upenn.edu,Female,129.213.190.241,Indonesia
701,Tore,Dwyr,tdwyrjg@dmoz.org,Male,13.214.103.220,Syria
702,Janean,Teulier,jteulierjh@youku.com,Female,1.102.203.156,China
703,Erina,Kalberer,ekalbererji@plala.or.jp,Female,119.151.20.243,United States
704,Nickolai,Kingscott,nkingscottjj@army.mil,Male,218.208.238.37,Paraguay
705,Tome,Sennett,tsennettjk@ovh.net,Male,11.30.177.95,Portugal
706,Leopold,Estoile,lestoilejl@loc.gov,Male,248.177.55.174,Greece
707,Koralle,Gianinotti,kgianinottijm@apple.com,Female,5.230.91.167,South Africa
708,Noam,Ilyas,nilyasjn@fc2.com,Male,117.207.66.203,Philippines
709,Javier,Egerton,jegertonjo@google.com.hk,Male,54.128.39.246,Russia
710,Casandra,Camerati,ccameratijp@theatlantic.com,Female,130.103.148.229,Finland
711,Alina,Borland,aborlandjq@simplemachines.org,Female,57.64.132.240,Kazakhstan
712,Pet,Kuschek,pkuschekjr@tumblr.com,Female,219.13.9.199,Indonesia
713,Seline,Comini,scominijs@t-online.de,Female,142.220.193.12,China
714,Hedvige,Samsworth,hsamsworthjt@nbcnews.com,Female,125.40.66.32,Lebanon
715,Amity,Mowlam,amowlamju@china.com.cn,Female,200.111.254.150,Colombia
716,Tedman,Cornelisse,tcornelissejv@admin.ch,Male,147.156.141.139,Indonesia
717,Angelica,Carnihan,acarnihanjw@hostgator.com,Female,133.216.16.81,Russia
718,Lulu,Attoe,lattoejx@mapy.cz,Female,140.225.66.239,Taiwan
719,Bendicty,Faux,bfauxjy@wikispaces.com,Male,26.144.81.175,China
720,Thurstan,Elms,telmsjz@si.edu,Male,8.46.176.25,Honduras
721,Dorita,Lightbown,dlightbownk0@redcross.org,Female,171.182.30.37,Syria
722,Terri,Mennell,tmennellk1@pen.io,Male,98.157.123.11,Portugal
723,Neale,Beaney,nbeaneyk2@nps.gov,Male,11.58.119.29,Portugal
724,Aretha,de Chastelain,adechastelaink3@prlog.org,Female,206.13.119.68,Portugal
725,Osbourne,Wyse,owysek4@theguardian.com,Male,23.56.117.167,Indonesia
726,Estevan,De Robertis,ederobertisk5@google.com.au,Male,216.91.227.30,France
727,Donal,Batchellor,dbatchellork6@mail.ru,Male,141.75.109.233,Cuba
728,Xylia,McCuaig,xmccuaigk7@arizona.edu,Female,186.128.16.98,Philippines
729,Roderick,Tooher,rtooherk8@ask.com,Male,167.18.204.84,Philippines
730,Innis,Frankland,ifranklandk9@google.nl,Male,250.23.232.111,Slovenia
731,Susy,Muggach,smuggachka@cargocollective.com,Female,50.131.59.123,United Arab Emirates
732,Wolf,Groucutt,wgroucuttkb@sogou.com,Male,30.14.42.124,Philippines
733,Carolin,Conville,cconvillekc@apache.org,Female,70.92.22.165,Argentina
734,Kaitlynn,Abercromby,kabercrombykd@so-net.ne.jp,Female,113.131.37.145,China
735,Otes,Grewar,ogrewarke@canalblog.com,Male,187.58.145.10,Argentina
736,Dietrich,Eyrl,deyrlkf@sakura.ne.jp,Male,188.28.196.222,Norway
737,Stu,Malin,smalinkg@networksolutions.com,Male,246.4.124.192,France
738,Bartholomew,Clapson,bclapsonkh@yolasite.com,Male,126.189.180.76,Greece
739,Caroline,Sabatier,csabatierki@mozilla.com,Female,252.63.255.253,China
740,Lilli,Warrell,lwarrellkj@si.edu,Female,196.104.86.208,Thailand
741,Bronnie,Gillam,bgillamkk@sfgate.com,Male,54.204.188.108,Indonesia
742,Lavinie,Richings,lrichingskl@time.com,Female,176.29.49.45,Indonesia
743,Alwyn,Duke,adukekm@nbcnews.com,Male,213.51.15.183,Chile
744,Kendre,Westall,kwestallkn@i2i.jp,Female,53.45.147.132,Indonesia
745,Trenton,Bleyman,tbleymanko@ning.com,Male,200.252.217.86,Canada
746,Hazel,Stobbie,hstobbiekp@seattletimes.com,Male,25.121.201.251,China
747,Meta,Weson,mwesonkq@mozilla.org,Female,242.138.71.6,Indonesia
748,Bella,Eplett,beplettkr@aol.com,Female,120.83.55.84,China
749,Hobard,Suermeier,hsuermeierks@fda.gov,Male,219.154.36.102,Russia
750,Raimund,Candey,rcandeykt@nytimes.com,Male,103.99.50.7,Portugal
751,Devinne,Emmett,demmettku@omniture.com,Female,45.219.16.90,Brazil
752,Bab,Barbe,bbarbekv@mlb.com,Female,163.27.118.222,Greece
753,Janna,Thinn,jthinnkw@addthis.com,Female,56.83.122.114,Czech Republic
754,Kyle,Samples,ksampleskx@opensource.org,Male,83.194.194.66,Kosovo
755,Antonella,Simeon,asimeonky@wp.com,Female,175.245.101.15,Brazil
756,Bruce,McArtan,bmcartankz@imdb.com,Male,231.247.204.245,China
757,Toiboid,Rumbold,trumboldl0@merriam-webster.com,Male,172.138.101.77,Peru
758,Margaretta,Kenealy,mkenealyl1@zdnet.com,Female,32.178.150.150,Indonesia
759,Ulrikaumeko,Busfield,ubusfieldl2@sphinn.com,Female,129.197.104.41,Russia
760,Mead,Hugueville,mhuguevillel3@slashdot.org,Male,165.111.88.239,Germany
761,Ephraim,Hyde-Chambers,ehydechambersl4@privacy.gov.au,Male,104.211.173.208,Sweden
762,Isak,MacKenzie,imackenziel5@vk.com,Male,143.179.107.175,Indonesia
763,Emmerich,Ochterlony,eochterlonyl6@illinois.edu,Male,218.48.22.134,Japan
764,Albina,Portman,aportmanl7@phoca.cz,Female,78.143.20.153,France
765,Jenine,Pruvost,jpruvostl8@cisco.com,Female,233.187.189.247,Indonesia
766,Fern,Bebbington,fbebbingtonl9@cisco.com,Female,42.38.69.250,Brazil
767,Moishe,Rolling,mrollingla@unesco.org,Male,59.150.18.80,Sweden
768,Kennett,Durnin,kdurninlb@ihg.com,Male,85.9.69.114,Indonesia
769,Lovell,Colbourn,lcolbournlc@blogs.com,Male,174.31.228.45,Sweden
770,Christoffer,Whanstall,cwhanstallld@4shared.com,Male,181.192.183.31,Sweden
771,Georgianna,Hawking,ghawkingle@goo.ne.jp,Female,212.165.98.17,Serbia
772,Malvina,Abbet,mabbetlf@ftc.gov,Female,195.135.79.35,Indonesia
773,Morie,Duffan,mduffanlg@joomla.org,Male,113.253.163.164,Russia
774,Ali,Eliff,aelifflh@pcworld.com,Female,241.250.106.106,Greece
775,Serena,Birtwhistle,sbirtwhistleli@cyberchimps.com,Female,249.134.170.165,Brazil
776,Early,Hoggetts,ehoggettslj@icq.com,Male,117.2.255.223,Indonesia
777,Boyce,Laboune,blabounelk@amazon.co.uk,Male,33.26.171.60,Vietnam
778,Baxter,Maplestone,bmaplestonell@bizjournals.com,Male,210.185.99.156,Russia
779,Keefe,Burcher,kburcherlm@google.com.br,Male,247.138.84.124,Thailand
780,Salaidh,Marklin,smarklinln@weibo.com,Female,134.38.116.6,China
781,Oona,Ramsted,oramstedlo@earthlink.net,Female,221.28.120.72,China
782,Perkin,Kybird,pkybirdlp@elpais.com,Male,191.208.35.147,Philippines
783,Brady,Britner,bbritnerlq@examiner.com,Male,136.135.178.2,Philippines
784,Mead,Willavize,mwillavizelr@miitbeian.gov.cn,Female,89.22.129.150,Hungary
785,Rosa,Drissell,rdrissellls@sbwire.com,Female,74.193.131.37,Cuba
786,Gav,Suller,gsullerlt@arizona.edu,Male,207.28.150.104,Portugal
787,Carolus,Sothern,csothernlu@walmart.com,Male,71.239.8.239,Portugal
788,Daniela,Connue,dconnuelv@google.com.hk,Female,241.119.35.119,Portugal
789,Sinclare,Starton,sstartonlw@w3.org,Male,37.115.238.86,Indonesia
790,Adoree,Thurley,athurleylx@bluehost.com,Female,170.113.172.35,New Zealand
791,Ric,Carlesso,rcarlessoly@usatoday.com,Male,128.35.118.174,Vietnam
792,Fabian,Batchelour,fbatchelourlz@ow.ly,Male,222.20.232.97,Iran
793,Titos,Noddle,tnoddlem0@discuz.net,Male,191.249.22.90,China
794,Ardine,Wayper,awayperm1@shinystat.com,Female,151.39.179.122,Latvia
795,Burt,Boulden,bbouldenm2@miitbeian.gov.cn,Male,194.39.153.84,Vietnam
796,Britney,Penritt,bpenrittm3@domainmarket.com,Female,34.172.93.113,China
797,Hillier,Tuerena,htuerenam4@hugedomains.com,Male,115.244.153.38,Czech Republic
798,Silvano,Cowthard,scowthardm5@google.es,Male,30.183.167.151,Canada
799,Evie,Wegenen,ewegenenm6@senate.gov,Female,159.159.153.45,Ukraine
800,Walther,Pennuzzi,wpennuzzim7@indiegogo.com,Male,138.235.155.3,Laos
801,Alena,Lowdes,alowdesm8@joomla.org,Female,119.200.151.197,Argentina
802,Odelinda,MacCoveney,omaccoveneym9@dailymotion.com,Female,47.114.224.82,Bolivia
803,Nikolai,Howood,nhowoodma@paginegialle.it,Male,11.125.112.155,Indonesia
804,Vaughn,Lehrian,vlehrianmb@cloudflare.com,Male,160.85.218.245,Honduras
805,Stacy,Hayers,shayersmc@gizmodo.com,Male,19.242.242.253,Indonesia
806,Hillard,Mucklestone,hmucklestonemd@hexun.com,Male,158.164.74.81,Japan
807,Brianna,Dayton,bdaytonme@g.co,Female,5.157.51.51,Indonesia
808,Sib,Jarrad,sjarradmf@whitehouse.gov,Female,225.90.10.224,Peru
809,Sigrid,Kesterton,skestertonmg@yelp.com,Female,184.146.192.27,Slovenia
810,Gracia,Soame,gsoamemh@mozilla.com,Female,3.77.106.159,Pakistan
811,Ber,Bodechon,bbodechonmi@nhs.uk,Male,169.37.85.232,China
812,Tine,MacGorrie,tmacgorriemj@4shared.com,Female,249.80.7.220,Philippines
813,Darcey,Steketee,dsteketeemk@domainmarket.com,Female,56.93.45.55,Nigeria
814,Rodina,McInerney,rmcinerneyml@earthlink.net,Female,56.72.163.45,Malaysia
815,Prisca,Heatly,pheatlymm@harvard.edu,Female,39.74.4.251,Philippines
816,Miquela,Randle,mrandlemn@eventbrite.com,Female,165.66.5.182,Brazil
817,Oliver,Browne,obrownemo@tamu.edu,Male,16.205.22.110,China
818,Christos,Lepoidevin,clepoidevinmp@phpbb.com,Male,233.226.96.23,China
819,Carley,Kemet,ckemetmq@nhs.uk,Female,208.11.101.193,China
820,Phineas,Bottomore,pbottomoremr@gnu.org,Male,184.134.78.253,Indonesia
821,Carmita,Freed,cfreedms@skyrock.com,Female,135.82.234.68,China
822,Stevena,Reek,sreekmt@flickr.com,Female,123.123.233.29,Philippines
823,Else,Antao,eantaomu@rambler.ru,Female,174.203.112.189,Japan
824,Francesca,Landis,flandismv@hugedomains.com,Female,18.242.246.166,Kenya
825,Alfy,Stenson,astensonmw@cnet.com,Female,53.225.163.63,Peru
826,Matthew,Surridge,msurridgemx@arizona.edu,Male,167.171.223.65,United States
827,Rudiger,Heinlein,rheinleinmy@blogtalkradio.com,Male,165.229.158.20,Colombia
828,Valerie,Crewe,vcrewemz@geocities.jp,Female,244.10.179.86,Russia
829,Andie,Gerling,agerlingn0@cbsnews.com,Female,173.147.250.43,Poland
830,Gabby,Deschlein,gdeschleinn1@un.org,Male,130.134.156.60,Philippines
831,Alessandro,Brudenell,abrudenelln2@vk.com,Male,229.208.199.204,Colombia
832,Marj,Ferras,mferrasn3@addthis.com,Female,65.139.185.104,Colombia
833,Shalne,Hansbury,shansburyn4@jalbum.net,Female,197.207.212.144,China
834,Brit,Krimmer,bkrimmern5@noaa.gov,Male,244.35.226.79,Czech Republic
835,Roanne,Esplin,resplinn6@last.fm,Female,73.103.207.16,China
836,Klement,Hairesnape,khairesnapen7@constantcontact.com,Male,68.44.76.234,China
837,Samuele,McEttigen,smcettigenn8@amazon.co.uk,Male,29.82.132.94,Vietnam
838,Gibby,Lurner,glurnern9@qq.com,Male,159.30.77.121,Saudi Arabia
839,Zandra,Ferby,zferbyna@examiner.com,Female,24.148.230.155,Sweden
840,Yorgo,Major,ymajornb@mtv.com,Male,188.26.114.202,Indonesia
841,Liva,Eldredge,leldredgenc@cisco.com,Female,165.113.95.228,Tunisia
842,Odo,Pobjay,opobjaynd@google.co.uk,Male,30.236.51.32,Philippines
843,Aurora,Dodwell,adodwellne@xinhuanet.com,Female,240.150.112.183,Philippines
844,Grete,Coolson,gcoolsonnf@about.me,Female,63.4.123.195,Czech Republic
845,Randall,Glentworth,rglentworthng@admin.ch,Male,146.63.100.131,Argentina
846,Rani,Routhorn,rrouthornnh@java.com,Female,167.82.39.45,China
847,Tiff,Gregor,tgregorni@economist.com,Female,52.13.228.9,Lithuania
848,Lorettalorna,Kingsnoad,lkingsnoadnj@barnesandnoble.com,Female,3.89.211.254,China
849,Somerset,d'Arcy,sdarcynk@devhub.com,Male,79.175.115.213,Honduras
850,Leigh,Hechlin,lhechlinnl@purevolume.com,Male,75.21.19.179,Dominica
851,Harlie,Downe,hdownenm@discovery.com,Female,12.78.243.246,Vietnam
852,Faulkner,Mc Ilwrick,fmcilwricknn@symantec.com,Male,200.98.47.162,Israel
853,Ignacio,Tryhorn,itryhornno@hp.com,Male,123.132.229.152,Russia
854,Pattie,Diboll,pdibollnp@cbslocal.com,Female,0.45.238.18,Philippines
855,Natividad,Coarser,ncoarsernq@squidoo.com,Female,155.138.248.120,United States
856,Merwin,Housecraft,mhousecraftnr@si.edu,Male,213.17.3.145,Argentina
857,Ingeberg,Longmire,ilongmirens@netvibes.com,Female,139.133.94.241,Vietnam
858,Andrei,Fouracre,afouracrent@newsvine.com,Female,249.242.39.171,Kazakhstan
859,Claude,Blowfelde,cblowfeldenu@symantec.com,Female,171.126.229.215,China
860,Avrit,Brauninger,abrauningernv@kickstarter.com,Female,126.96.221.186,Indonesia
861,Livvyy,Scoggin,lscogginnw@reddit.com,Female,64.110.23.18,Indonesia
862,Kiley,Blaine,kblainenx@hugedomains.com,Female,24.165.115.140,China
863,Saree,Mawhinney,smawhinneyny@youtu.be,Female,116.195.236.153,Philippines
864,Beilul,Reggler,bregglernz@ifeng.com,Female,211.37.167.26,Peru
865,Drucy,Risely,driselyo0@springer.com,Female,176.129.61.93,South Korea
866,Talia,Bramich,tbramicho1@army.mil,Female,175.6.161.95,Brazil
867,Barron,MacKettrick,bmackettricko2@ebay.co.uk,Male,16.151.51.11,Serbia
868,Angy,MacAree,amacareeo3@sciencedirect.com,Female,58.39.171.181,France
869,Anna-diana,Gotch,agotcho4@economist.com,Female,117.102.5.196,China
870,Oralla,McNerlin,omcnerlino5@artisteer.com,Female,196.224.30.155,Brazil
871,Melodee,Tredgold,mtredgoldo6@who.int,Female,48.51.125.89,Portugal
872,Beatrisa,Rickaby,brickabyo7@sun.com,Female,183.173.155.135,Afghanistan
873,Ignacio,Gwinnell,igwinnello8@wufoo.com,Male,169.229.189.249,Russia
874,De,Corneliussen,dcorneliusseno9@slashdot.org,Female,72.54.53.107,China
875,Ciro,McLoughlin,cmcloughlinoa@wunderground.com,Male,130.158.25.24,Japan
876,Sibyl,McQuilliam,smcquilliamob@cafepress.com,Female,63.73.167.234,Russia
877,Fidelity,Iveans,fiveansoc@livejournal.com,Female,96.254.84.27,Indonesia
878,Ambur,Laker,alakerod@accuweather.com,Female,136.222.163.227,United States
879,Jonathon,Venditti,jvendittioe@abc.net.au,Male,161.200.31.4,Philippines
880,Sawyer,Rolland,srollandof@php.net,Male,92.19.114.253,Papua New Guinea
881,Kalindi,Wehnerr,kwehnerrog@bravesites.com,Female,6.230.67.213,Albania
882,Timmie,O'Sharry,tosharryoh@ca.gov,Male,197.168.107.8,Nigeria
883,Marchall,Drowsfield,mdrowsfieldoi@shareasale.com,Male,119.114.24.185,China
884,Lazarus,Schoenrock,lschoenrockoj@moonfruit.com,Male,73.242.90.77,China
885,Martyn,Phlippsen,mphlippsenok@vkontakte.ru,Male,198.175.215.169,China
886,Quintilla,Turnpenny,qturnpennyol@eventbrite.com,Female,239.54.237.182,China
887,Lenette,Wimlet,lwimletom@umn.edu,Female,44.24.102.3,Burundi
888,Alfredo,Crossby,acrossbyon@elegantthemes.com,Male,83.179.225.109,China
889,Kippar,Portail,kportailoo@washington.edu,Male,17.127.136.142,Czech Republic
890,Mohandas,Kiddell,mkiddellop@examiner.com,Male,153.189.115.117,Brazil
891,Eleonore,Kneel,ekneeloq@technorati.com,Female,134.37.79.21,Solomon Islands
892,Cora,Berney,cberneyor@exblog.jp,Female,243.157.27.111,Greece
893,Issie,Bolley,ibolleyos@prweb.com,Female,251.26.12.92,Portugal
894,Anselma,Carlon,acarlonot@sciencedaily.com,Female,19.22.163.128,Greece
895,Eadie,Grigorushkin,egrigorushkinou@merriam-webster.com,Female,229.207.98.186,Greece
896,Barrie,Tomich,btomichov@state.tx.us,Male,67.176.140.164,Thailand
897,Myca,Call,mcallow@livejournal.com,Male,171.126.203.242,Philippines
898,Mortimer,Boome,mboomeox@hexun.com,Male,121.210.11.163,China
899,Valery,Fairbourne,vfairbourneoy@1und1.de,Female,25.2.69.46,Thailand
900,Jud,Lello,jlellooz@cdbaby.com,Male,43.6.165.100,Russia
901,Garvin,Wolvey,gwolveyp0@constantcontact.com,Male,151.247.207.50,Poland
902,Vern,Dearing,vdearingp1@independent.co.uk,Male,20.81.81.15,France
903,Stanislaw,Airlie,sairliep2@altervista.org,Male,157.227.136.31,United States
904,Staford,Eles,selesp3@chicagotribune.com,Male,98.201.69.229,China
905,Thatcher,Trevains,ttrevainsp4@unc.edu,Male,88.73.60.250,Yemen
906,Doralyn,Stearnes,dstearnesp5@nifty.com,Female,172.71.220.80,Russia
907,Gustaf,Brockton,gbrocktonp6@gizmodo.com,Male,235.205.81.218,Indonesia
908,Roxanne,Sheen,rsheenp7@github.com,Female,116.38.119.161,Armenia
909,Joanna,Downing,jdowningp8@nature.com,Female,88.238.124.73,Indonesia
910,Case,Arman,carmanp9@rediff.com,Male,221.75.119.217,Poland
911,Shina,Kear,skearpa@slashdot.org,Female,119.54.246.66,China
912,Garrick,Heibel,gheibelpb@imdb.com,Male,12.130.104.3,France
913,Batsheva,Exter,bexterpc@admin.ch,Female,249.193.161.187,Sweden
914,Holly,Easum,heasumpd@si.edu,Male,223.27.38.117,Argentina
915,Aleksandr,Goldsack,agoldsackpe@comcast.net,Male,182.219.244.42,Indonesia
916,Mollee,Dibdin,mdibdinpf@goodreads.com,Female,156.35.53.122,China
917,Abrahan,Driuzzi,adriuzzipg@simplemachines.org,Male,45.142.50.189,Sweden
918,Vanya,Merwe,vmerweph@oakley.com,Male,29.151.99.187,China
919,Henrietta,Cappell,hcappellpi@netlog.com,Female,211.88.54.4,Poland
920,Martie,Clougher,mclougherpj@google.pl,Male,92.39.61.72,Canada
921,Gill,Keppin,gkeppinpk@bloomberg.com,Male,219.242.80.116,Portugal
922,Niki,Thackray,nthackraypl@wordpress.com,Male,206.172.142.196,Greece
923,Audi,Saulter,asaulterpm@usda.gov,Female,188.68.181.254,China
924,Brigit,Gates,bgatespn@deliciousdays.com,Female,212.19.202.30,Indonesia
925,Reece,Samweyes,rsamweyespo@naver.com,Male,114.132.112.180,China
926,Elvin,Muck,emuckpp@elpais.com,Male,139.35.190.41,Portugal
927,Allx,Skipping,askippingpq@cdc.gov,Female,146.255.254.199,Thailand
928,Mickie,Bonnyson,mbonnysonpr@livejournal.com,Male,192.147.35.187,France
929,Hilton,Jaskowicz,hjaskowiczps@issuu.com,Male,228.1.188.128,China
930,Aguie,Hartland,ahartlandpt@utexas.edu,Male,102.186.27.181,Sweden
931,Elmore,Potell,epotellpu@cafepress.com,Male,45.68.0.202,China
932,Tommi,Thorbon,tthorbonpv@virginia.edu,Female,143.62.212.126,China
933,Loretta,Leftbridge,lleftbridgepw@gmpg.org,Female,19.88.249.227,Philippines
934,Noelani,Pollicott,npollicottpx@archive.org,Female,180.62.62.6,China
935,Amity,Legion,alegionpy@e-recht24.de,Female,40.73.30.63,China
936,Novelia,Tattersill,ntattersillpz@aboutads.info,Female,96.103.45.209,Palestinian Territory
937,Emmie,Fraanchyonok,efraanchyonokq0@bluehost.com,Female,46.80.219.190,France
938,Marshal,Brightwell,mbrightwellq1@bizjournals.com,Male,229.253.45.189,Mozambique
939,Edi,Villaret,evillaretq2@loc.gov,Female,152.30.129.110,Philippines
940,Gavrielle,Shoebrook,gshoebrookq3@live.com,Female,155.222.249.237,Indonesia
941,Amberly,Fidler,afidlerq4@fema.gov,Female,149.73.153.115,Greece
942,Devonna,Rangeley,drangeleyq5@blog.com,Female,234.229.227.45,Ukraine
943,Stanton,Gerin,sgerinq6@accuweather.com,Male,202.24.95.252,Bosnia and Herzegovina
944,Clementius,Getley,cgetleyq7@unblog.fr,Male,154.191.190.190,Kazakhstan
945,Mickie,Eginton,megintonq8@google.cn,Female,32.181.89.62,Colombia
946,Noak,Conklin,nconklinq9@cocolog-nifty.com,Male,84.25.141.22,Indonesia
947,Munmro,Spurdle,mspurdleqa@adobe.com,Male,96.188.114.168,Honduras
948,Clyde,Marques,cmarquesqb@skype.com,Male,239.218.46.41,China
949,Alexandro,Chicchelli,achicchelliqc@accuweather.com,Male,70.128.164.152,Philippines
950,Kirbee,McGreal,kmcgrealqd@cocolog-nifty.com,Female,153.156.22.29,Yemen
951,Kassie,Deavin,kdeavinqe@reference.com,Female,199.250.175.189,Czech Republic
952,Elva,Job,ejobqf@nhs.uk,Female,22.220.201.255,Colombia
953,Jenda,Perrin,jperrinqg@paypal.com,Female,210.176.49.255,Brazil
954,Ronny,Frounks,rfrounksqh@bloglines.com,Female,154.134.212.52,China
955,Bram,Sleightholme,bsleightholmeqi@wikimedia.org,Male,206.24.130.234,Russia
956,Helene,Darlington,hdarlingtonqj@cbsnews.com,Female,201.212.30.196,Ukraine
957,Elsy,Tolchard,etolchardqk@edublogs.org,Female,189.142.13.223,Poland
958,Caroljean,Ladewig,cladewigql@exblog.jp,Female,37.221.75.108,China
959,Reeba,Gregine,rgregineqm@domainmarket.com,Female,174.80.127.255,Sweden
960,Denni,Glencross,dglencrossqn@phoca.cz,Female,162.127.103.3,Indonesia
961,Kip,Dockerty,kdockertyqo@istockphoto.com,Female,243.238.72.211,China
962,Gunter,Wenderott,gwenderottqp@cafepress.com,Male,108.205.64.65,Peru
963,Diarmid,Dulake,ddulakeqq@dmoz.org,Male,79.35.144.203,Indonesia
964,Franciskus,Turney,fturneyqr@java.com,Male,141.220.247.87,Tanzania
965,Effie,Docker,edockerqs@canalblog.com,Female,253.236.109.26,China
966,Randi,Bothen,rbothenqt@parallels.com,Female,153.163.88.73,Portugal
967,Mina,Neenan,mneenanqu@narod.ru,Female,19.12.90.40,Ukraine
968,Nora,Prazor,nprazorqv@icio.us,Female,174.239.58.32,Indonesia
969,Konstantine,Godier,kgodierqw@prlog.org,Male,10.56.109.146,China
970,Elinor,Van Leeuwen,evanleeuwenqx@over-blog.com,Female,56.76.147.59,Honduras
971,Sarge,Geaves,sgeavesqy@icq.com,Male,147.134.161.216,Croatia
972,Ann,Kochl,akochlqz@odnoklassniki.ru,Female,22.173.156.123,Libya
973,Maurise,Ker,mkerr0@wordpress.com,Female,248.216.26.27,Cuba
974,Ase,Arlott,aarlottr1@theatlantic.com,Male,220.23.2.19,France
975,Hildagarde,Scothorn,hscothornr2@vimeo.com,Female,30.41.119.73,Poland
976,Nerissa,Doret,ndoretr3@google.co.uk,Female,236.230.47.241,Sweden
977,Lorant,Martina,lmartinar4@yandex.ru,Male,36.63.160.221,Sweden
978,Kelsey,Perillio,kperillior5@bbb.org,Male,157.110.60.54,Belarus
979,Cecil,Feldon,cfeldonr6@cnn.com,Male,65.76.123.39,Poland
980,Sam,Hawick,shawickr7@senate.gov,Male,231.27.108.94,Russia
981,Shirl,Robert,srobertr8@plala.or.jp,Female,130.138.247.27,Morocco
982,Son,Grigaut,sgrigautr9@vimeo.com,Male,95.22.158.192,Tanzania
983,Welch,Brocks,wbrocksra@wix.com,Male,213.45.49.118,Mexico
984,Roseanna,Druett,rdruettrb@symantec.com,Female,23.40.49.150,Pakistan
985,Meghann,Padberry,mpadberryrc@simplemachines.org,Female,63.180.193.9,Brazil
986,Kathie,O'Shesnan,koshesnanrd@cam.ac.uk,Female,131.127.129.139,Slovenia
987,Breena,Trillo,btrillore@vinaora.com,Female,21.182.218.242,China
988,Eziechiele,Sherry,esherryrf@prnewswire.com,Male,231.131.214.187,Serbia
989,Tully,Lamp,tlamprg@opera.com,Male,132.108.101.178,Thailand
990,Eleonora,Casier,ecasierrh@bloomberg.com,Female,54.204.225.31,Russia
991,Laura,Notton,lnottonri@liveinternet.ru,Female,46.84.150.104,Jordan
992,Brenden,Haylands,bhaylandsrj@histats.com,Male,200.53.93.65,China
993,Allie,Gerrie,agerrierk@live.com,Male,213.151.139.237,Morocco
994,Felicia,Duxbury,fduxburyrl@weebly.com,Female,148.34.37.113,Venezuela
995,Emelda,Waplinton,ewaplintonrm@angelfire.com,Female,242.187.82.36,Thailand
996,Joelynn,Antonoyev,jantonoyevrn@drupal.org,Female,236.155.5.174,Indonesia
997,Emilee,Pavlenkov,epavlenkovro@miitbeian.gov.cn,Female,245.95.234.128,Greece
998,Marjie,Stathor,mstathorrp@networkadvertising.org,Female,7.6.224.111,Guatemala
999,Zora,Itzhaki,zitzhakirq@google.de,Female,169.168.123.167,Japan
1000,Tobye,Clotworthy,tclotworthyrr@dyndns.org,Female,225.183.165.70,Indonesia
